{
  "k_fold": 5,
  "mean_mse": 16.061885545454544,
  "std_mse": 4.732018877757027,
  "mean_r2": 0.8877947735029762,
  "std_r2": 0.025300827575087934,
  "n_samples": 1100
}