{
  "k_fold": 5,
  "mean_mse": 3.6560611108910885,
  "std_mse": 1.3232833462859643,
  "mean_r2": 0.8541810345877394,
  "std_r2": 0.04375802428082106,
  "n_samples": 503
}