{
  "k_fold": 5,
  "mean_mse": 0.6486945778359672,
  "std_mse": 0.3519218803729944,
  "mean_r2": 0.9572817675653885,
  "std_r2": 0.02302263366436193,
  "n_samples": 174,
  "best_alpha": 0.0030850335801657887
}