{
  "k_fold": 5,
  "mean_mse": 12.047118887058435,
  "std_mse": 0.9656716819338329,
  "mean_r2": 0.7831894526812352,
  "std_r2": 0.04145673005665951,
  "n_samples": 1050,
  "best_alpha": 0.003982918210917561
}