{
  "k_fold": 5,
  "mean_mse": 2.736308623953597,
  "std_mse": 0.35975984792378785,
  "mean_r2": 0.6803198288213244,
  "std_r2": 0.08029877430316167,
  "n_samples": 1007,
  "best_alpha": 0.011989036870410141
}