{
  "k_fold": 5,
  "mean_mse": 20.04524146343332,
  "std_mse": 3.39547083627843,
  "mean_r2": 0.8582385316395564,
  "std_r2": 0.026488486800208277
}