{
  "k_fold": 5,
  "mean_mse": 1.228290072409488,
  "std_mse": 0.8421986401780318,
  "mean_r2": 0.8306305091579158,
  "std_r2": 0.09212509677683789,
  "n_samples": 448
}