{
  "k_fold": 5,
  "mean_mse": 4.907531529411765,
  "std_mse": 2.881482792643577,
  "mean_r2": 0.8690328852411163,
  "std_r2": 0.07294118704556958,
  "n_samples": 174
}