{
  "k_fold": 5,
  "mean_mse": 3.2554613476671683,
  "std_mse": 0.3748372628692209,
  "mean_r2": 0.5523453899028723,
  "std_r2": 0.043638265601927975,
  "n_samples": 1087,
  "best_alpha": 0.010072935691198086
}