{
  "k_fold": 5,
  "mean_mse": 0.9638156470588235,
  "std_mse": 0.7424866906759952,
  "mean_r2": 0.9384444641343862,
  "std_r2": 0.0419557410099249,
  "n_samples": 174
}