{
  "k_fold": 5,
  "mean_mse": 27.389636660465907,
  "std_mse": 12.414643484628826,
  "mean_r2": 0.801473161571262,
  "std_r2": 0.0929773523329269,
  "n_samples": 1087
}