{
  "k_fold": 5,
  "mean_mse": 19.4085874083013,
  "std_mse": 1.935477533289784,
  "mean_r2": 0.8184762223011607,
  "std_r2": 0.034690558456403266,
  "n_samples": 692,
  "best_alpha": 0.015152373053557133
}