{
  "k_fold": 5,
  "mean_mse": 6.51277839009901,
  "std_mse": 3.2360518415165282,
  "mean_r2": 0.9144030348738857,
  "std_r2": 0.04784583064972493,
  "n_samples": 503
}