{
  "k_fold": 5,
  "mean_mse": 0.29317821223470664,
  "std_mse": 0.1290955702424096,
  "mean_r2": 0.8859098898074158,
  "std_r2": 0.06506107340087428,
  "n_samples": 448
}