{
  "k_fold": 5,
  "mean_mse": 0.3942674997978308,
  "std_mse": 0.11414417892344118,
  "mean_r2": 0.8512832091547861,
  "std_r2": 0.026698736092977435,
  "n_samples": 448,
  "best_alpha": 0.004140605786525081
}