{
  "k_fold": 5,
  "mean_mse": 1.7503581904761905,
  "std_mse": 0.48029269525746277,
  "mean_r2": 0.7300307519794769,
  "std_r2": 0.05073573824753515,
  "n_samples": 1050
}