{
  "k_fold": 5,
  "mean_mse": 6.290564164995416,
  "std_mse": 0.37557188790705937,
  "mean_r2": 0.387403901946619,
  "std_r2": 0.024841735344587078,
  "best_alpha": 0.0067305639762251564
}