{
  "k_fold": 5,
  "mean_mse": 0.30943015353582626,
  "std_mse": 0.14968245772055155,
  "mean_r2": -0.19779289545874484,
  "std_r2": 1.3312875233175412,
  "n_samples": 15,
  "best_alpha": 0.017257458763115494
}