{
  "k_fold": 5,
  "mean_mse": 7.316257305470609,
  "std_mse": 2.349446554446698,
  "mean_r2": 0.8520726293067366,
  "std_r2": 0.04473203917797455,
  "n_samples": 541
}