{
  "k_fold": 5,
  "mean_mse": 0.012475577233269952,
  "std_mse": 0.013602668953449864,
  "mean_r2": 0.5030539725597384,
  "std_r2": 0.2598611744389157,
  "best_alpha": 0.020920330298040187,
  "income_group": "Not classified",
  "n_samples": 15
}