{
  "k_fold": 5,
  "mean_mse": 1.5882064884565321,
  "std_mse": 0.17182927517442406,
  "mean_r2": 0.8310767401033102,
  "std_r2": 0.03438974786818016,
  "n_samples": 692,
  "best_alpha": 0.003083646755744668
}