{
  "k_fold": 5,
  "mean_mse": 39.371523238095236,
  "std_mse": 15.482512225820358,
  "mean_r2": 0.7996922168137723,
  "std_r2": 0.07048365140702786,
  "n_samples": 1050
}