{
  "k_fold": 5,
  "mean_mse": 0.5440800155104064,
  "std_mse": 0.6181987716696987,
  "mean_r2": 0.6563336668413412,
  "std_r2": 0.2862246336474505,
  "n_samples": 44,
  "best_alpha": 0.008198882895286686
}