{
  "k_fold": 5,
  "mean_mse": 2.2340364328537166,
  "std_mse": 1.1554835960921774,
  "mean_r2": 0.9428099981405355,
  "std_r2": 0.041803070592836784,
  "n_samples": 692
}