{
  "k_fold": 5,
  "mean_mse": 0.9473605205875846,
  "std_mse": 0.22389081158648313,
  "mean_r2": 0.7762841251923707,
  "std_r2": 0.06742794340213956,
  "n_samples": 503,
  "best_alpha": 0.009796892195039944
}