{
  "k_fold": 5,
  "mean_mse": 50.6268743079655,
  "std_mse": 8.36717327478886,
  "mean_r2": 0.6826934679968301,
  "std_r2": 0.06220964961740967,
  "n_samples": 1251,
  "best_alpha": 0.013250856136041994
}