{
  "k_fold": 5,
  "mean_mse": 9.035898072789951,
  "std_mse": 0.7446433002665415,
  "mean_r2": 0.8866470655226385,
  "std_r2": 0.014902956463769315,
  "n_samples": 503,
  "best_alpha": 0.02670020532201018
}