{
  "k_fold": 5,
  "mean_mse": 0.18033498731779768,
  "std_mse": 0.21209720313035144,
  "mean_r2": 0.5404288383907362,
  "std_r2": 0.43826861939792183,
  "n_samples": 44,
  "best_alpha": 0.051789330703861367
}