{
  "k_fold": 5,
  "mean_mse": 5.685636546716699,
  "std_mse": 0.5059389506251507,
  "mean_r2": 0.5862574454565342,
  "std_r2": 0.027582524923663636,
  "n_samples": 1100,
  "best_alpha": 0.014784719836398204
}