{
  "k_fold": 5,
  "mean_mse": 85.50931261692612,
  "std_mse": 3.206914191809848,
  "mean_r2": 0.3972502880532569,
  "std_r2": 0.017808232347399262,
  "best_alpha": 0.018508876113973612
}