{
  "k_fold": 5,
  "mean_mse": 20.655532061687772,
  "std_mse": 2.2544164332834944,
  "mean_r2": 0.6073696435491615,
  "std_r2": 0.03230185477227145,
  "n_samples": 1100,
  "best_alpha": 0.02102145726929259
}