{
  "k_fold": 5,
  "mean_mse": 56.539074201990864,
  "std_mse": 6.666324505298133,
  "mean_r2": 0.6034388137045585,
  "std_r2": 0.028252002004353433,
  "n_samples": 1087,
  "best_alpha": 0.06202033870772931
}