{
  "k_fold": 5,
  "mean_mse": 1.0472890024093309,
  "std_mse": 0.2855508619938972,
  "mean_r2": 0.845963087970472,
  "std_r2": 0.02701956351351553,
  "n_samples": 448,
  "best_alpha": 0.004961267673434149
}