{
  "k_fold": 5,
  "mean_mse": 18.97274257768313,
  "std_mse": 2.202171646198836,
  "mean_r2": 0.5842499541908647,
  "std_r2": 0.02143296233474342,
  "n_samples": 1087,
  "best_alpha": 0.03261316869946878
}