{
  "k_fold": 5,
  "mean_mse": 32.30111447470682,
  "std_mse": 0.9894169087691923,
  "mean_r2": 0.33481451744224183,
  "std_r2": 0.013067476274241383,
  "best_alpha": 0.00625591963512744
}