{
  "k_fold": 5,
  "mean_mse": 0.6062251445544555,
  "std_mse": 0.44084108133524175,
  "mean_r2": 0.8633265967452759,
  "std_r2": 0.0898129377916746,
  "n_samples": 503
}