{
  "k_fold": 5,
  "mean_mse": 6.709345151307002,
  "std_mse": 0.7735571889133477,
  "mean_r2": 0.8617121741065992,
  "std_r2": 0.01664851701767014
}