{
  "k_fold": 5,
  "mean_mse": 30.37643032583165,
  "std_mse": 1.067720591093851,
  "mean_r2": 0.3744739871078706,
  "std_r2": 0.01516450969454143,
  "best_alpha": 0.017817083510894772
}