{
  "k_fold": 5,
  "mean_mse": 36.82469876331042,
  "std_mse": 1.0839972802467617,
  "mean_r2": 0.24163788998628188,
  "std_r2": 0.014546948723255284,
  "n_samples": 3956,
  "best_alpha": 0.004115977378737994
}