{
  "k_fold": 5,
  "mean_mse": 14.150920048766071,
  "std_mse": 3.155926985266461,
  "mean_r2": 0.8362498253257019,
  "std_r2": 0.05727326619309871,
  "n_samples": 1007
}