{
  "k_fold": 5,
  "mean_mse": 14.46140729320262,
  "std_mse": 9.611153835392853,
  "mean_r2": 0.8377892125741917,
  "std_r2": 0.10788990427608966,
  "n_samples": 174,
  "best_alpha": 0.013716918570155098
}