{
  "k_fold": 5,
  "mean_mse": 2.0577346143391098,
  "std_mse": 0.955638322082751,
  "mean_r2": 0.8389473688636826,
  "std_r2": 0.06733920326571245,
  "n_samples": 541
}