{
  "k_fold": 5,
  "mean_mse": 6.4984587272727286,
  "std_mse": 2.0176166276952077,
  "mean_r2": 0.8786690159337665,
  "std_r2": 0.027693489510710323,
  "n_samples": 1100
}