{
  "k_fold": 5,
  "mean_mse": 7.163329162966946,
  "std_mse": 0.8184234873938802,
  "mean_r2": 0.8299533936892463,
  "std_r2": 0.03493761805503312,
  "n_samples": 692,
  "best_alpha": 0.010356868186433662
}