{
  "k_fold": 5,
  "mean_mse": 3.2873247067179454,
  "std_mse": 0.49452799827341076,
  "mean_r2": 0.6865038320105136,
  "std_r2": 0.02706800486933741,
  "best_alpha": 0.003972681349708199,
  "income_group": "High income",
  "n_samples": 1251
}