{
  "k_fold": 5,
  "mean_mse": 1.5878208677563728,
  "std_mse": 1.4252947235560287,
  "mean_r2": 0.6474385913683056,
  "std_r2": 0.24548479127024225,
  "n_samples": 44,
  "best_alpha": 0.005422454765260881
}