{
  "k_fold": 5,
  "mean_mse": 18.92955274898575,
  "std_mse": 1.8715027804523094,
  "mean_r2": 0.8467075653509989,
  "std_r2": 0.024168057665256402,
  "n_samples": 541,
  "best_alpha": 0.017344907426152793
}