{
  "k_fold": 5,
  "mean_mse": 6.18164861812563,
  "std_mse": 0.7782040086338894,
  "mean_r2": 0.8725692290454792,
  "std_r2": 0.016678330348738255
}