{
  "k_fold": 5,
  "mean_mse": 7.4981441588741955,
  "std_mse": 0.8831991800501413,
  "mean_r2": 0.8450746702958687,
  "std_r2": 0.02752974203893769,
  "n_samples": 541,
  "best_alpha": 0.009292566190625724
}