{
  "k_fold": 5,
  "mean_mse": 8.555036896324816,
  "std_mse": 1.1660592993797665,
  "mean_r2": 0.8233953096454727,
  "std_r2": 0.027074095229935376,
  "n_samples": 3956
}