{
  "k_fold": 5,
  "mean_mse": 8.836146189383085,
  "std_mse": 1.9567634487642223,
  "mean_r2": 0.8179070609313206,
  "std_r2": 0.040606069084546975
}