{
  "k_fold": 5,
  "mean_mse": 1.8244989735854116,
  "std_mse": 0.13828246043647052,
  "mean_r2": 0.8221218994973588,
  "std_r2": 0.01373403787190657
}