{
  "k_fold": 5,
  "mean_mse": 0.46504,
  "std_mse": 0.3749322744176599,
  "mean_r2": -5.087781372966759,
  "std_r2": 11.093013403898171,
  "n_samples": 15
}