{
  "k_fold": 5,
  "mean_mse": 7.6012460952380945,
  "std_mse": 1.008894790456286,
  "mean_r2": 0.866052783112746,
  "std_r2": 0.008282257561934297,
  "n_samples": 1050
}