{
  "k_fold": 5,
  "mean_mse": 3.2033029576950653,
  "std_mse": 0.2635544254913714,
  "mean_r2": 0.8672666160692506,
  "std_r2": 0.020784454698672968,
  "n_samples": 503,
  "best_alpha": 0.018163605228363508
}