{
  "k_fold": 5,
  "mean_mse": 30.056374012410526,
  "std_mse": 1.0809372456999642,
  "mean_r2": 0.38107162707086195,
  "std_r2": 0.01549206697604005,
  "n_samples": 3956,
  "best_alpha": 0.013477970279970159
}