{
  "k_fold": 5,
  "mean_mse": 2.0164969804503534,
  "std_mse": 0.39890461919863474,
  "mean_r2": 0.8382604896661322,
  "std_r2": 0.0327223807219916,
  "n_samples": 541,
  "best_alpha": 0.0029422901588949863
}