{
  "k_fold": 5,
  "mean_mse": 0.012273333333333351,
  "std_mse": 0.010130797928429285,
  "mean_r2": 0.3823929712011046,
  "std_r2": 0.44862995370519604,
  "n_samples": 15
}