{
  "k_fold": 5,
  "mean_mse": 7.548488354255274,
  "std_mse": 4.265861186533656,
  "mean_r2": 0.8382995863816293,
  "std_r2": 0.0882108555155758,
  "n_samples": 1087
}