{
  "k_fold": 5,
  "mean_mse": 32.413928382375126,
  "std_mse": 4.55618456316607,
  "mean_r2": 0.6380614709655708,
  "std_r2": 0.02376700611444958,
  "n_samples": 1007,
  "best_alpha": 0.04381275650833878
}