{
  "k_fold": 5,
  "mean_mse": 0.27586194444444445,
  "std_mse": 0.2174252293140885,
  "mean_r2": 0.23274579816672505,
  "std_r2": 0.4981249862309826,
  "n_samples": 44
}