{
  "k_fold": 5,
  "mean_mse": 0.07300666666666672,
  "std_mse": 0.036445377088337436,
  "mean_r2": -0.5058203670433048,
  "std_r2": 2.062017249194889,
  "n_samples": 15
}