{
  "k_fold": 5,
  "mean_mse": 0.44571962673339593,
  "std_mse": 0.059556799567369624,
  "mean_r2": 0.9532923416274265,
  "std_r2": 0.006302177191977788,
  "n_samples": 692
}