{
  "k_fold": 5,
  "mean_mse": 17.191842524295414,
  "std_mse": 2.6765504874652843,
  "mean_r2": 0.6822403108140065,
  "std_r2": 0.05332150629803729,
  "n_samples": 1251,
  "best_alpha": 0.009015170524327897
}