{
  "k_fold": 5,
  "mean_mse": 5.025149762965148,
  "std_mse": 3.2817128685082912,
  "mean_r2": 0.8732839533374687,
  "std_r2": 0.06435830913939211,
  "n_samples": 174,
  "best_alpha": 0.0061320960363851935
}