{
  "k_fold": 5,
  "mean_mse": 53.52830640032066,
  "std_mse": 6.652062322353345,
  "mean_r2": 0.6194478550896968,
  "std_r2": 0.03447634674196813,
  "n_samples": 1100,
  "best_alpha": 0.06892728229885552
}