{
  "k_fold": 5,
  "mean_mse": 2.212539902621723,
  "std_mse": 1.7551629927139936,
  "mean_r2": 0.8343288670545663,
  "std_r2": 0.11302279981070582,
  "n_samples": 448
}