{
  "k_fold": 5,
  "mean_mse": 37.087346589815766,
  "std_mse": 2.724116338507228,
  "mean_r2": 0.802483270741854,
  "std_r2": 0.03896059162683209,
  "n_samples": 1050,
  "best_alpha": 0.006915335536804875
}