{
  "k_fold": 5,
  "mean_mse": 18.614589835202178,
  "std_mse": 6.978628001939242,
  "mean_r2": 0.8476462255339996,
  "std_r2": 0.05965274542703537,
  "n_samples": 541
}