{
  "k_fold": 5,
  "mean_mse": 9.899139444922872,
  "std_mse": 1.452069377708525,
  "mean_r2": 0.6847844416110875,
  "std_r2": 0.030420317443626346,
  "n_samples": 1007,
  "best_alpha": 0.021964786284498387
}