{
  "k_fold": 5,
  "mean_mse": 2.164779444444444,
  "std_mse": 1.4047363974276545,
  "mean_r2": 0.4471147407893364,
  "std_r2": 0.39686208037041126,
  "n_samples": 44
}