{
  "k_fold": 5,
  "mean_mse": 9.217270921697425,
  "std_mse": 1.7514367561576352,
  "mean_r2": 0.9130502381657564,
  "std_r2": 0.02416680220757334,
  "n_samples": 692
}