{
  "k_fold": 5,
  "mean_mse": 16.804998909322713,
  "std_mse": 6.00482977317157,
  "mean_r2": 0.8949709998271491,
  "std_r2": 0.03785886040482716,
  "n_samples": 1251
}