{
  "k_fold": 5,
  "mean_mse": 7.353201215936255,
  "std_mse": 2.294119616422091,
  "mean_r2": 0.8625645509882064,
  "std_r2": 0.04526983599757329,
  "n_samples": 1251
}