{
  "k_fold": 5,
  "mean_mse": 2.164387279880065,
  "std_mse": 0.13515639733318677,
  "mean_r2": 0.6580185388786658,
  "std_r2": 0.04739030688177809,
  "n_samples": 1050,
  "best_alpha": 0.001647240687119211
}