{
  "k_fold": 5,
  "mean_mse": 4.863014429338456,
  "std_mse": 1.7800917047353766,
  "mean_r2": 0.8407967941555701,
  "std_r2": 0.07506830958893741,
  "n_samples": 1007
}