{
  "k_fold": 5,
  "mean_mse": 2.075013450426253,
  "std_mse": 0.6418182080747715,
  "mean_r2": 0.8363429565206776,
  "std_r2": 0.034143516155244594,
  "n_samples": 448,
  "best_alpha": 0.007958504837628945
}