{
  "k_fold": 5,
  "mean_mse": 0.13433611787378485,
  "std_mse": 0.09931849775466525,
  "mean_r2": -0.0734514999745721,
  "std_r2": 1.1253508680106223,
  "n_samples": 15,
  "best_alpha": 0.006600319470218745
}