{
  "k_fold": 5,
  "mean_mse": 1.2782513587250997,
  "std_mse": 0.25927514758118286,
  "mean_r2": 0.8775132060088181,
  "std_r2": 0.021028349231640587,
  "income_group": "High income",
  "n_samples": 1251
}