{
  "k_fold": 5,
  "mean_mse": 0.5457863888888893,
  "std_mse": 0.3621428789638967,
  "mean_r2": 0.63714288665954,
  "std_r2": 0.14670740545185237,
  "n_samples": 44
}