{
  "k_fold": 5,
  "mean_mse": 37.51216573109244,
  "std_mse": 61.91291591395101,
  "mean_r2": 0.7156519762249596,
  "std_r2": 0.41698105079470715,
  "n_samples": 174
}