{
  "k_fold": 5,
  "mean_mse": 1.8999112275257375,
  "std_mse": 0.5041125527429555,
  "mean_r2": 0.7712777592197918,
  "std_r2": 0.09653671732633376,
  "n_samples": 1007
}